"ID","Fideicomiso","Tipologia","Patrimonio","Valor","AntiguedadFid","ActividadVulnerable","Procedencia","USD","Desviacion","NombreParte","Rol","TipoPersona","ActividadEconomica","PaisNacimiento","Nacionalidad","PaisDomicilio","EstadoDomicilio","AntiguedadParte","PEP","Listas","BCsinIdentificar"
"F/0001","Ejemplo traslativo","Administración","Efectivo / valores bursátiles","Hasta 5 MDP","Más de 10 años","Sin actividad vulnerable (Tipo A)","Bancarizados con soporte","Sin USD ni parte extranjera","Sin desviación / no evaluable","Parte 1","Fideicomitente","PF nacional","No capturada","México","México","México","Baja incidencia delictiva","Más de 10 años","NO","NO","NO"
"F/0001","Ejemplo traslativo","Administración","Efectivo / valores bursátiles","Hasta 5 MDP","Más de 10 años","Sin actividad vulnerable (Tipo A)","Bancarizados con soporte","Sin USD ni parte extranjera","Sin desviación / no evaluable","Parte 2","Fideicomitente","PF nacional","No capturada","México","México","México","Baja incidencia delictiva","Más de 10 años","NO","NO","NO"
""
"VALORES VÁLIDOS POR COLUMNA (copie exactamente uno):"
""
"Tipologia: Administración | Garantía | Testamentario | Inversión | Fuente de pago | Público / gubernamental | Zona restringida | Traslativo de dominio"
"Patrimonio: Efectivo / valores bursátiles | Inmuebles | Mixto (efectivo y especie) | Acciones / partes sociales | Derechos de cobro / otros bienes"
"Valor: Hasta 5 MDP | 5 a 20 MDP | 20 a 100 MDP | 100 a 500 MDP | Más de 500 MDP"
"AntiguedadFid: Más de 10 años | 3 a 10 años | 1 a 3 años | Menos de 1 año"
"ActividadVulnerable: Sin actividad vulnerable (Tipo A) | En dictamen (Tipo C) | AV confirmada Art. 17 (Tipo B)"
"Procedencia: Bancarizados con soporte | Venta de activos documentada | Aportación en especie sin avalúo | Origen no verificable"
"USD: Sin USD ni parte extranjera | USD ocasional / parte extranjera | Flujos recurrentes o jurisdicción de riesgo"
"Desviacion: Sin desviación / no evaluable | Operaciones atípicas vs. fin | Operaciones fuera del objeto"
"Rol: Fideicomisario | Apoderado / delegado | Tercero / garante | Fideicomitente | Comité técnico | Fideicomitente-Fideicomisario"
"TipoPersona: PF nacional | PF con actividad empresarial | PM nacional | Mandato | PM extranjera | Fideicomiso / vehículo"
"ActividadEconomica: Sin actividad de riesgo / asalariado | Servicios profesionales | Comercio general | Sector financiero regulado | No capturada | Inmobiliario / construcción | Comercio exterior | Efectivo intensivo"
"PaisNacimiento: México | Norteamérica / Europa (bajo riesgo) | Otro país | Régimen fiscal preferente | Lista GAFI gris | Lista GAFI negra / sancionado"
"Nacionalidad: México | Norteamérica / Europa (bajo riesgo) | Otro país | Régimen fiscal preferente | Lista GAFI gris | Lista GAFI negra / sancionado"
"PaisDomicilio: México | Norteamérica / Europa (bajo riesgo) | Otro país | Régimen fiscal preferente | Lista GAFI gris | Lista GAFI negra / sancionado"
"EstadoDomicilio: Baja incidencia delictiva | Incidencia media | Domicilio en el extranjero | Alta incidencia delictiva | Frontera / puerto"
"AntiguedadParte: Más de 10 años | 3 a 10 años | 1 a 3 años | Menos de 1 año"